,City,Cloudiness,Country,Date,Humidity,Lat,Lng,Max Temp,Wind Speed
0,Cape Town,0,ZA,1589156682,93,-33.93,18.42,288.71,4.1
1,Yulara,93,AU,1589156806,35,-25.24,130.99,287.15,7.7
2,Mumford,100,GH,1589156806,77,5.26,-0.76,299.37,4.68
3,Kutum,0,SD,1589156807,23,14.2,24.67,292.92,3.13
4,Khatanga,93,RU,1589156807,98,71.97,102.5,271.56,2.73
5,Tukan,99,RU,1589156807,73,53.84,57.46,282.87,0.39
6,Geraldton,17,AU,1589156807,72,-28.77,114.6,288.15,2.1
7,Pringsewu,91,ID,1589156807,91,-5.36,104.97,297.58,1.46
8,Cherskiy,5,RU,1589156807,66,68.75,161.3,278.5,8.95
9,Hithadhoo,99,MV,1589156807,77,-0.6,73.08,302.73,5.82
10,Alzamay,71,RU,1589156807,53,55.56,98.66,286.46,1.32
11,Saldanha,0,ZA,1589156808,82,-33.01,17.94,288.15,3.1
12,São Filipe,33,CV,1589156808,77,14.9,-24.5,295.84,3.18
13,Saint-Philippe,75,RE,1589156808,77,-21.36,55.77,294.15,3.6
14,Alexandria,0,EG,1589156772,93,31.22,29.96,288.15,1.0
15,Taoudenni,68,ML,1589156808,10,22.68,-3.98,307.59,4.86
16,Rikitea,22,PF,1589156808,80,-23.12,-134.97,297.08,3.88
17,Albany,98,US,1589156520,51,42.6,-73.97,285.37,2.21
18,Umm Kaddadah,11,SD,1589156809,15,13.6,26.69,299.85,7.19
19,Tuatapere,100,NZ,1589156809,73,-46.13,167.68,286.58,1.68
20,Ilulissat,100,GL,1589156809,96,69.22,-51.1,273.15,3.6
21,Mataura,80,NZ,1589156809,65,-46.19,168.86,286.3,0.58
22,Roald,57,NO,1589156809,86,62.58,6.13,275.37,1.0
23,Berdigestyakh,95,RU,1589156809,78,62.1,126.7,275.54,3.07
24,Mauá,0,BR,1589156809,59,-23.67,-46.46,291.15,1.0
25,Cabo San Lucas,40,MX,1589156810,16,22.89,-109.91,304.15,4.6
26,Puerto Ayora,21,EC,1589156729,93,-0.74,-90.35,297.59,2.68
27,Busselton,66,AU,1589156810,75,-33.65,115.33,284.82,1.48
28,Bethel,1,US,1589156810,30,41.37,-73.41,287.15,4.6
29,Leningradskiy,100,RU,1589156810,94,69.38,178.42,275.23,6.52
30,Saint George,1,US,1589156810,18,37.1,-113.58,304.26,7.7
31,Tautira,76,PF,1589156810,66,-17.73,-149.15,304.15,4.6
32,Slave Lake,90,CA,1589156810,34,55.28,-114.77,282.15,2.6
33,Teahupoo,85,PF,1589156810,66,-17.83,-149.27,304.15,4.6
34,Provideniya,100,RU,1589156811,89,64.38,-173.3,275.76,4.33
35,Kapaa,75,US,1589156811,69,22.08,-159.32,299.15,7.7
36,Port Alfred,0,ZA,1589156811,44,-33.59,26.89,294.26,3.67
37,Hobart,75,AU,1589156738,71,-42.88,147.33,285.15,3.6
38,Bilibino,36,RU,1589156811,80,68.05,166.44,275.68,9.97
39,Necochea,24,AR,1589156811,70,-38.55,-58.74,283.71,1.79
40,Castro,0,BR,1589156811,89,-24.79,-50.01,286.02,1.93
41,Laas,75,IT,1589156811,93,46.62,10.7,283.15,5.7
42,Assiut,0,EG,1589156811,49,27.18,31.18,293.15,4.1
43,Salalah,20,OM,1589156811,83,17.02,54.09,301.15,1.5
44,Cidreira,100,BR,1589156812,70,-30.18,-50.21,292.38,4.95
45,Hermanus,0,ZA,1589156812,94,-34.42,19.23,285.37,0.45
46,Kushima,40,JP,1589156812,64,31.46,131.23,295.15,1.5
47,Lebu,15,CL,1589156812,82,-37.62,-73.65,284.88,2.18
48,Upernavik,7,GL,1589156812,86,72.79,-56.15,264.09,5.35
49,Kotma,98,IN,1589156812,37,23.2,81.97,298.92,1.99
50,Dunedin,66,NZ,1589156812,88,-45.87,170.5,283.71,1.34
51,Atuona,19,PF,1589156812,78,-9.8,-139.03,300.48,6.19
52,Vao,94,NC,1589156813,64,-22.67,167.48,295.21,2.87
53,Poronaysk,100,RU,1589156813,90,49.22,143.12,276.96,2.08
54,Maceió,75,BR,1589156659,94,-9.67,-35.74,297.15,2.6
55,Chillán,75,CL,1589156813,87,-36.61,-72.1,285.93,2.1
56,Pisco,5,PE,1589156813,82,-13.7,-76.22,292.15,6.7
57,Accra,20,GH,1589156740,94,5.56,-0.2,299.15,2.6
58,Cache Creek,1,CA,1589156814,27,50.81,-121.32,293.15,5.1
59,Jamestown,90,US,1589156630,50,42.1,-79.24,284.82,3.6
60,Moanda,75,GA,1589156815,95,-1.56,13.22,294.43,0.85
61,Ouésso,80,CG,1589156815,96,1.61,16.05,295.53,2.33
62,Whitehorse,40,CA,1589156731,27,60.72,-135.05,290.15,5.7
63,Siniscola,97,IT,1589156815,87,40.57,9.69,288.86,2.23
64,Katsuura,75,JP,1589156815,88,35.13,140.3,298.15,2.6
65,Mosquera,20,CO,1589156815,77,4.71,-74.23,289.15,1.5
66,Namatanai,83,PG,1589156816,68,-3.67,152.43,303.36,2.93
67,Laguna,1,US,1589156816,38,38.42,-121.42,299.26,7.7
68,Barrow,1,US,1589156816,74,71.29,-156.79,275.15,2.1
69,Airai,17,TL,1589156816,82,-8.93,125.41,292.27,1.8
70,Longyearbyen,75,SJ,1589156816,61,78.22,15.64,265.15,2.6
71,Svetlaya,83,RU,1589156816,86,46.54,138.33,281.07,2.22
72,Qaanaaq,0,GL,1589156816,82,77.48,-69.36,259.84,1.15
73,Tuktoyaktuk,75,CA,1589156817,99,69.45,-133.04,276.15,3.6
74,Faya,1,SA,1589156817,68,18.39,42.45,292.15,0.69
75,Kruisfontein,0,ZA,1589156817,52,-34.0,24.73,288.42,1.62
76,Kaitangata,39,NZ,1589156817,69,-46.28,169.85,285.93,1.34
77,Buala,83,SB,1589156817,71,-8.14,159.59,302.88,2.72
78,Punta Arenas,75,CL,1589156617,87,-53.15,-70.92,279.15,6.7
79,Mangalore,81,IN,1589156676,83,12.87,74.88,299.15,1.5
80,Tasiilaq,17,GL,1589156817,92,65.61,-37.64,271.15,5.1
81,Qingdao,40,CN,1589156817,56,36.1,120.37,293.71,2.0
82,São João da Barra,0,BR,1589156818,68,-21.64,-41.05,294.38,4.38
83,Winslow,75,US,1589156818,40,35.02,-110.7,295.15,3.1
84,Chui,0,UY,1589156818,78,-33.7,-53.46,290.69,3.83
85,Pevek,4,RU,1589156818,81,69.7,170.31,275.82,7.37
86,Ushuaia,75,AR,1589156818,87,-54.8,-68.3,279.15,9.3
87,Camaná,78,PE,1589156818,78,-16.62,-72.71,292.4,2.42
88,Faanui,93,PF,1589156819,77,-16.48,-151.75,300.78,3.77
89,Bela,67,IN,1589156819,26,25.93,81.98,302.9,3.33
90,Butaritari,13,KI,1589156819,76,3.07,172.79,301.85,3.81
91,Tocopilla,30,CL,1589156819,67,-22.09,-70.2,290.62,3.48
92,Aykhal,90,RU,1589156819,73,66.0,111.5,270.15,4.0
93,Itarema,100,BR,1589156819,88,-2.92,-39.92,297.74,4.52
94,New Milford,1,US,1589156819,29,40.93,-74.02,289.26,4.6
95,Bluff,99,NZ,1589156820,73,-46.6,168.33,285.34,1.39
96,New Norfolk,86,AU,1589156820,88,-42.78,147.06,284.82,1.73
97,Coyhaique,40,CL,1589156713,80,-45.58,-72.07,278.15,2.1
98,Souillac,40,MU,1589156820,56,-20.52,57.52,295.15,4.1
99,Chokurdakh,99,RU,1589156820,100,70.63,147.92,273.97,5.78
100,Port-Gentil,40,GA,1589156820,94,-0.72,8.78,298.15,1.5
101,Dikson,1,RU,1589156820,98,73.51,80.55,267.24,4.72
102,Tiksi,97,RU,1589156821,98,71.69,128.87,269.92,3.9
103,Hong Kong,61,HK,1589156724,66,22.29,114.16,302.04,1.79
104,Carnarvon,11,AU,1589156821,56,-24.87,113.63,295.28,2.6
105,Mitsamiouli,5,KM,1589156821,76,-11.38,43.28,300.18,2.26
106,Ryōtsu-minato,90,JP,1589156821,93,38.08,138.43,289.15,4.1
107,Thompson,5,CA,1589156822,88,55.74,-97.86,273.15,5.1
108,Olafsvik,19,IS,1589156822,78,64.89,-23.71,278.72,5.92
109,Bang Saphan,40,TH,1589156822,100,11.21,99.51,300.15,1.5
110,Fairbanks,1,US,1589156822,24,64.84,-147.72,300.93,5.1
111,Östersund,5,SE,1589156822,74,63.18,14.64,271.15,6.7
112,Moroni,55,KM,1589156822,77,-11.7,43.26,299.41,3.35
113,Ribeira Grande,29,PT,1589156822,70,38.52,-28.7,288.02,8.76
114,Maksatikha,4,RU,1589156822,78,57.8,35.88,277.29,1.55
115,Luau,61,AO,1589156823,74,-10.71,22.22,290.23,1.71
116,Klaksvík,46,FO,1589156823,74,62.23,-6.59,271.15,0.5
117,Genhe,100,CN,1589156823,85,50.78,121.52,277.28,5.54
118,Mahébourg,40,MU,1589156823,56,-20.41,57.7,295.15,4.1
119,Chiquinquirá,65,CO,1589156823,100,5.62,-73.82,285.69,0.76
120,Vysokogornyy,100,RU,1589156823,88,50.12,139.15,277.83,2.42
121,Tiznit Province,69,MA,1589156823,83,29.58,-9.5,287.54,4.32
122,Rio Pardo,99,BR,1589156823,75,-29.99,-52.38,290.9,1.85
123,Mehamn,89,NO,1589156823,92,71.04,27.85,273.36,3.84
124,Mahajanga,20,MG,1589156824,73,-15.72,46.32,296.15,2.1
125,Tineo,75,ES,1589156824,93,43.34,-6.41,285.37,2.1
126,Canatlán,1,MX,1589156824,11,24.52,-104.78,299.26,6.71
127,Coihueco,75,CL,1589156824,87,-36.62,-71.83,285.93,2.1
128,Huarmey,6,PE,1589156824,82,-10.07,-78.15,293.2,3.55
129,Saint Paul Harbor,75,US,1589156824,87,57.79,-152.41,281.15,3.6
130,Lima,26,PE,1589156558,64,-12.04,-77.03,295.15,6.2
131,Toktogul,0,KG,1589156682,58,41.87,72.94,286.13,0.96
132,Sola,90,VU,1589156825,70,-13.88,167.55,303.15,3.1
133,Esperance,82,AU,1589156825,54,-33.87,121.9,285.15,4.1
134,Ambon City,100,ID,1589156825,92,-3.7,128.18,302.59,0.45
135,Soloneshnoye,67,RU,1589156825,46,51.65,84.32,289.73,2.46
136,Yellowknife,20,CA,1589156825,44,62.46,-114.35,277.15,4.1
137,Marzuq,4,YE,1589156826,25,14.4,46.47,298.32,2.22
138,Hilo,75,US,1589156826,54,19.73,-155.09,302.15,5.1
139,Tifton,40,US,1589156826,43,31.45,-83.51,296.15,1.98
140,Naze,75,JP,1589156826,78,28.37,129.48,296.15,2.1
141,Rawson,80,AR,1589156744,57,-43.3,-65.1,285.15,13.18
142,Cabedelo,20,BR,1589156826,94,-6.98,-34.83,298.15,2.1
143,Qiongshan,57,CN,1589156826,88,20.01,110.35,301.15,2.0
144,Pyaozerskiy,100,RU,1589156826,88,65.83,31.17,276.66,6.01
145,Katherine,31,AU,1589156527,22,-14.47,132.27,300.15,5.7
146,Changping,100,CN,1589156827,15,40.22,116.22,294.26,6.0
147,Kobyzhcha,0,UA,1589156827,93,50.83,31.5,280.15,1.0
148,Guerrero Negro,64,MX,1589156827,66,27.98,-114.06,293.32,8.16
149,East London,0,ZA,1589156559,33,-33.02,27.91,295.46,3.46
150,San Quintín,17,MX,1589156827,70,30.48,-115.95,292.66,4.39
151,Peniche,97,PT,1589156827,84,39.36,-9.38,289.26,8.05
152,Araouane,0,ML,1589156827,11,18.9,-3.53,305.12,2.44
153,Bredasdorp,0,ZA,1589156827,93,-34.53,20.04,288.15,0.5
154,Rio Grande,37,BR,1589156675,80,-32.03,-52.1,289.26,4.79
155,Khagaria,47,IN,1589156827,40,25.5,86.48,302.12,2.7
156,Evensk,100,RU,1589156828,97,61.95,159.23,274.93,2.14
157,Hūn,82,LY,1589156828,15,29.13,15.95,300.66,5.44
158,Hamilton,75,US,1589156725,46,39.18,-84.53,285.37,10.8
159,Tura,31,IN,1589156828,57,25.52,90.22,297.95,0.81
160,Havre-St-Pierre,90,CA,1589156828,74,50.23,-63.6,276.15,11.8
161,Nyurba,8,RU,1589156828,65,63.28,118.33,277.94,3.51
162,Kolpashevo,37,RU,1589156828,53,58.31,82.91,290.84,1.64
163,Launceston,90,AU,1589156677,93,-41.45,147.17,284.26,3.1
164,Avarua,99,CK,1589156829,74,-21.21,-159.78,301.15,7.2
165,Kharovsk,45,RU,1589156829,86,59.96,40.19,277.99,2.33
166,Isangel,20,VU,1589156829,61,-19.55,169.27,299.15,4.1
167,Grindavik,75,IS,1589156829,75,63.84,-22.43,279.15,6.2
168,Aksu,87,CN,1589156829,49,41.12,80.26,289.43,2.62
169,Nerchinskiy Zavod,96,RU,1589156829,67,51.31,119.61,278.64,8.11
170,Rosarito,75,MX,1589156829,72,32.33,-117.03,294.26,8.2
171,Bintulu,75,MY,1589156829,94,3.17,113.03,301.15,0.5
172,San Jose de Guanipa,87,VE,1589156829,46,8.89,-64.17,303.2,6.18
173,Omsukchan,99,RU,1589156830,94,62.53,155.8,273.75,1.1
174,Jardim,0,BR,1589156830,67,-21.48,-56.14,294.58,2.3
175,Warrington,12,GB,1589156830,65,53.39,-2.58,278.15,5.1
176,Nzega,87,RW,1589156830,98,-2.48,29.56,286.17,1.08
177,Koshurnikovo,0,RU,1589156830,73,54.17,93.3,284.96,1.32
178,Norman Wells,40,CA,1589156830,38,65.28,-126.83,288.15,5.7
179,Timmins,75,CA,1589156830,74,48.47,-81.33,271.15,4.1
180,Saint Anthony,90,US,1589156830,39,45.02,-93.22,282.15,6.7
181,Ponta Delgada,20,PT,1589156643,67,37.73,-25.67,288.15,4.1
182,Pochutla,22,MX,1589156830,75,15.74,-96.47,303.15,1.92
183,Salym,98,RU,1589156831,63,60.06,71.48,288.8,1.96
184,Alamor,75,EC,1589156831,66,-4.02,-80.02,302.15,2.6
185,Hasaki,75,JP,1589156831,94,35.73,140.83,295.15,3.1
186,Aswān,0,EG,1589156831,32,24.09,32.91,295.38,3.13
187,Karoi,60,ZW,1589156831,85,-16.81,29.69,286.62,2.38
188,George Town,20,MY,1589156601,94,5.41,100.34,300.15,2.1
189,Ambilobe,57,MG,1589156832,86,-13.2,49.05,293.92,1.75
190,Vanimo,86,PG,1589156832,75,-2.67,141.3,302.49,1.05
191,Samarai,52,PG,1589156832,80,-10.62,150.67,300.24,5.23
192,Vanavara,39,RU,1589156832,62,60.34,102.28,279.15,1.15
193,Leshukonskoye,2,RU,1589156832,99,64.9,45.76,272.89,1.97
194,Suzdal,96,RU,1589156832,95,56.43,40.44,282.24,1.52
195,Rodolfo Sánchez Taboada,23,MX,1589156832,79,31.72,-116.57,293.15,2.68
196,Ankang,94,CN,1589156832,55,32.68,109.02,290.37,2.68
197,Saskylakh,67,RU,1589156833,96,71.92,114.08,266.61,4.77
198,Solnechnyy,97,RU,1589156833,70,50.72,136.63,282.8,4.43
199,Nikolskoye,52,RU,1589156833,52,59.7,30.79,280.15,3.0
200,Sharan,100,RU,1589156833,67,54.82,54.0,285.77,2.94
201,Port Hardy,40,CA,1589156833,33,50.7,-127.42,297.15,2.1
202,Kavieng,30,PG,1589156833,73,-2.57,150.8,303.22,4.98
203,Kurumkan,0,RU,1589156644,65,54.3,110.3,277.7,2.99
204,Vaini,20,TO,1589156833,78,-21.2,-175.2,300.15,7.2
205,Nelson Bay,20,AU,1589156833,50,-32.72,152.15,288.15,5.7
206,Cururupu,22,BR,1589156833,94,-1.83,-44.87,297.39,1.4
207,Marovoay,20,MG,1589156834,73,-16.1,46.63,296.15,2.1
208,Kavaratti,96,IN,1589156834,77,10.57,72.64,302.61,4.69
209,Lüderitz,0,NA,1589156834,27,-26.65,15.16,297.15,3.6
210,Asău,98,RO,1589156834,67,46.43,26.4,285.93,2.23
211,Talnakh,56,RU,1589156834,92,69.49,88.4,272.15,3.0
212,Antofagasta,90,CL,1589156730,77,-23.65,-70.4,289.15,4.6
213,Missão Velha,100,BR,1589156834,81,-7.25,-39.14,295.22,2.69
214,Guarapari,75,BR,1589156834,88,-20.67,-40.5,294.82,2.1
215,Buriti Bravo,55,BR,1589156834,87,-5.84,-43.83,295.93,1.69
216,Cisarua,53,ID,1589156835,100,-6.65,106.47,297.04,0.45
217,Vila Velha,75,BR,1589156835,88,-20.33,-40.29,294.82,2.1
218,Pozo Colorado,50,PY,1589156835,55,-23.49,-58.8,298.67,3.93
219,San Cristobal,3,VE,1589156835,73,7.77,-72.22,294.59,1.21
220,Kimbe,81,PG,1589156835,61,-5.55,150.14,305.01,0.82
221,Bambous Virieux,40,MU,1589156835,56,-20.34,57.76,295.15,4.1
222,Pyshchug,100,RU,1589156835,96,58.89,45.71,282.36,2.6
223,Lázaro Cárdenas,0,MX,1589156835,65,17.96,-102.2,301.47,4.73
224,Nortelândia,64,BR,1589156836,82,-14.45,-56.8,297.06,1.62
225,Santiago Tuxtla,34,MX,1589156836,70,18.47,-95.3,299.09,5.1
226,Mayya,94,RU,1589156836,48,61.73,130.28,278.15,3.0
227,Elizabeth City,1,US,1589156836,48,36.29,-76.25,290.15,4.1
228,Ponta do Sol,20,PT,1589156836,68,32.67,-17.1,292.15,1.5
229,Mar del Plata,30,AR,1589156836,76,-38.0,-57.56,288.71,3.1
230,Clyde River,90,CA,1589156836,78,70.47,-68.59,263.15,1.0
231,Petlāwad,0,IN,1589156836,51,23.0,74.8,297.66,3.36
232,Vestmannaeyjar,31,IS,1589156837,70,63.44,-20.27,279.01,6.63
233,Dudinka,56,RU,1589156837,92,69.41,86.18,272.15,3.0
234,Isfahan,34,IR,1589156838,34,32.66,51.68,288.15,2.1
235,Nowogard,75,PL,1589156838,87,53.67,15.12,287.15,4.1
236,Qasigiannguit,100,GL,1589156838,96,68.82,-51.19,273.15,3.6
237,Ambatofinandrahana,76,MG,1589156838,85,-20.55,46.8,286.89,2.8
238,Jalu,0,LY,1589156838,18,29.03,21.55,295.96,4.43
239,Coquimbo,0,CL,1589156839,87,-29.95,-71.34,286.15,1.0
240,Kiryat Gat,0,IL,1589156839,74,31.61,34.76,290.37,1.26
241,Port Lincoln,49,AU,1589156839,65,-34.73,135.87,286.59,5.42
242,Kudahuvadhoo,85,MV,1589156839,76,2.67,72.89,303.07,7.34
243,Seoul,40,KR,1589156286,82,37.57,126.98,289.15,2.6
244,Rundu,71,NA,1589156839,59,-17.93,19.77,290.15,1.5
245,Arrondissement de Montauban,100,FR,1589156839,93,44.08,1.5,287.15,6.7
246,La Palma,1,US,1589156840,56,33.85,-118.05,298.71,3.1
247,Kahului,20,US,1589156840,58,20.89,-156.47,301.15,10.3
248,Erbaa,97,TR,1589156840,81,40.67,36.57,282.15,0.49
249,Atherton,7,GB,1589156840,68,53.52,-2.49,277.59,1.79
250,Anjiang,90,CN,1589156840,78,27.32,110.1,295.4,1.17
251,Nago,75,JP,1589156840,100,26.59,127.98,297.15,5.1
252,Port Elizabeth,0,ZA,1589156840,76,-33.92,25.57,284.15,2.1
253,Tilichiki,100,RU,1589156840,100,60.47,166.1,272.83,0.99
254,Tessalit,42,ML,1589156840,12,20.2,1.01,303.83,3.26
255,Paamiut,79,GL,1589156841,78,61.99,-49.67,279.31,10.96
256,Ancud,40,CL,1589156776,93,-41.87,-73.82,284.26,2.6
257,Marawi,43,PH,1589156841,82,8.0,124.29,302.04,0.89
258,Severo-Kuril'sk,75,RU,1589156841,84,50.68,156.12,274.98,1.19
259,Ostrovnoy,100,RU,1589156841,96,68.05,39.51,273.03,8.75
260,Biak,90,ID,1589156841,74,-0.91,122.88,300.01,3.34
261,Praia da Vitória,40,PT,1589156841,71,38.73,-27.07,287.15,9.07
262,Morehead,1,US,1589156842,47,37.27,-87.18,286.15,6.2
263,Arraial do Cabo,0,BR,1589156755,67,-22.97,-42.03,295.55,9.76
264,Goedereede,100,NL,1589156842,67,51.82,3.98,281.48,4.92
265,Mfou,72,CM,1589156842,99,3.72,11.64,293.36,1.34
266,Chiredzi,1,ZW,1589156842,84,-21.05,31.67,287.22,0.94
267,Narsaq,60,GL,1589156842,57,60.92,-46.05,282.15,2.1
268,Morondava,76,MG,1589156842,67,-20.28,44.28,296.47,3.09
269,Mandalgovi,37,MN,1589156842,44,45.76,106.27,284.64,10.09
270,Lorengau,16,PG,1589156842,73,-2.02,147.27,303.41,3.96
271,São Miguel do Araguaia,42,BR,1589156843,84,-13.28,-50.16,296.08,1.75
272,Nome,75,US,1589156843,53,64.5,-165.41,287.04,2.6
273,Tarakan,60,ID,1589156705,81,3.3,117.63,300.63,2.71
274,Shitanjing,0,CN,1589156843,40,39.23,106.34,282.47,11.62
275,Salta,1,AR,1589156843,77,-24.79,-65.41,290.15,3.1
276,Touros,20,BR,1589156843,94,-5.2,-35.46,298.15,1.5
277,Corinth,96,GR,1589156843,59,37.94,22.96,292.04,0.45
278,Comodoro Rivadavia,90,AR,1589156778,71,-45.87,-67.5,283.15,6.77
279,Bengkulu,91,ID,1589156843,88,-3.8,102.27,298.03,1.85
280,Am Timan,21,TD,1589156844,33,11.03,20.28,303.59,2.24
281,La Seyne-sur-Mer,88,FR,1589156844,100,43.1,5.88,287.59,0.89
282,Anadyr,75,RU,1589156844,91,64.75,177.48,275.15,12.0
283,Bosaso,78,SO,1589156844,57,11.28,49.18,303.55,0.75
284,Cartagena,20,CO,1589156844,74,10.4,-75.51,303.15,5.7
285,Acapulco de Juárez,5,MX,1589156704,70,16.86,-99.89,303.15,4.6
286,Puerto Escondido,40,MX,1589156845,79,15.85,-97.07,303.15,3.1
287,São Gabriel da Cachoeira,100,BR,1589156845,97,-0.13,-67.09,297.14,1.06
288,Santa Vitória do Palmar,0,BR,1589156845,74,-33.52,-53.37,291.49,4.26
289,Pacific Grove,1,US,1589156659,63,36.62,-121.92,292.04,6.2
290,Sitka,75,US,1589156845,26,57.05,-135.33,295.15,4.6
291,Halifax,65,CA,1589156845,49,44.65,-63.57,278.71,1.34
292,Byron Bay,34,AU,1589156654,59,-28.65,153.62,291.48,6.2
293,Amudat,68,UG,1589156846,89,1.95,34.95,292.49,1.6
294,São João Evangelista,76,BR,1589156846,89,-18.55,-42.76,285.53,1.43
295,Portland,90,US,1589156678,23,45.52,-122.68,303.71,6.2
296,Kem',99,RU,1589156846,69,64.96,34.58,277.92,6.55
297,Itaí,0,BR,1589156846,85,-23.42,-49.09,287.97,1.27
298,Guadix,46,ES,1589156846,88,37.3,-3.14,285.37,3.13
299,Yar-Sale,100,RU,1589156847,97,66.83,70.83,273.68,2.08
300,Hualmay,25,PE,1589156847,83,-11.1,-77.61,292.63,3.74
301,Nador,95,MA,1589156740,77,35.17,-2.93,291.15,4.1
302,Paita,42,PE,1589156847,80,-5.09,-81.11,295.14,6.39
303,Pihuamo,20,MX,1589156847,54,19.25,-103.38,301.15,7.7
304,Adrian,90,US,1589156847,87,41.9,-84.04,281.15,3.6
305,Sarany,100,RU,1589156848,97,58.5,58.88,283.19,1.93
306,Embu,0,BR,1589156848,59,-23.65,-46.85,291.15,1.0
307,Setermoen,98,NO,1589156848,92,68.86,18.35,271.15,5.7
308,Prince Rupert,1,CA,1589156848,16,54.32,-130.32,297.15,6.2
309,Port Moresby,20,PG,1589156718,79,-9.44,147.18,302.15,5.1
310,Shamkhal,46,RU,1589156848,93,43.06,47.34,280.93,2.0
311,Esperanza,62,DO,1589156848,53,19.58,-70.98,302.59,3.13
312,Najrān,0,SA,1589156849,36,17.49,44.13,298.15,1.24
313,Kumul,0,CN,1589156849,25,42.8,93.45,290.0,2.09
314,Dingle,99,PH,1589156849,66,11.0,122.67,302.93,2.73
315,Saint-Louis,64,SN,1589156849,33,16.33,-15.0,303.15,3.1
316,Kirakira,1,SB,1589156849,68,-10.45,161.92,303.29,3.1
317,Kombissiri,20,BF,1589156849,52,12.07,-1.34,304.15,3.6
318,Phrae,28,TH,1589156849,83,18.08,100.0,299.15,1.0
319,Kabo,70,CF,1589156850,79,7.7,18.63,297.5,2.07
320,Kolosovka,10,RU,1589156850,65,56.47,73.61,287.9,1.76
321,Walvis Bay,20,NA,1589156850,25,-22.96,14.51,298.9,4.42
322,Vitim,100,RU,1589156850,91,59.45,112.56,274.09,3.78
323,Zhezkazgan,4,KZ,1589156850,66,47.8,67.71,288.34,1.74
324,Half Moon Bay,1,US,1589156847,72,37.46,-122.43,296.48,4.6
325,Sim,100,RU,1589156850,74,54.99,57.7,283.87,1.02
326,General Pico,0,AR,1589156617,51,-35.66,-63.76,286.45,1.52
327,Shuya,90,RU,1589156851,96,56.85,41.39,281.81,1.07
328,Zeya,46,RU,1589156851,62,53.75,127.27,279.18,4.93
329,Orlik,91,RU,1589156851,65,52.52,99.83,281.39,1.68
330,Afyonkarahisar,72,TR,1589156851,60,38.75,30.67,283.64,0.96
331,Dourbali,4,TD,1589156851,11,11.81,15.86,305.95,1.99
332,Lompoc,90,US,1589156568,82,34.64,-120.46,289.82,2.1
333,Imeni Babushkina,71,RU,1589156851,81,59.76,43.13,281.83,3.12
334,Río Gallegos,90,AR,1589156852,87,-51.62,-69.22,279.15,5.1
335,Três Lagoas,0,BR,1589156852,76,-20.75,-51.68,292.97,3.1
336,Aitape,38,PG,1589156852,66,-3.14,142.35,303.76,0.89
337,Nísia Floresta,20,BR,1589156852,94,-6.09,-35.21,298.15,1.5
338,Norheimsund,20,NO,1589156852,90,60.37,6.15,275.37,6.7
339,Qaqortoq,49,GL,1589156852,57,60.72,-46.03,282.15,2.1
340,Bafoulabé,55,ML,1589156852,29,13.81,-10.83,306.64,2.11
341,Sechura,46,PE,1589156852,68,-5.56,-80.82,297.02,7.33
342,Kulhudhuffushi,99,MV,1589156852,77,6.62,73.07,302.79,3.8
343,Havelock,1,US,1589156771,51,34.88,-76.9,290.37,3.1
344,Cayenne,98,GF,1589156661,100,4.93,-52.33,297.15,5.46
345,Vardø,100,NO,1589156853,97,70.37,31.11,273.82,12.37
346,Palora,75,EC,1589156853,94,-1.7,-77.93,294.15,1.5
347,Poum,12,NC,1589156853,71,-20.23,164.02,297.0,1.99
348,Nauta,63,PE,1589156853,84,-4.51,-73.58,297.78,1.36
349,Aklavik,75,CA,1589156853,46,68.22,-135.01,283.15,3.1
350,Eloy,1,US,1589156854,15,32.76,-111.55,308.15,3.1
351,Valkla,75,EE,1589156854,62,59.47,25.32,285.15,2.1
352,Zyryanka,100,RU,1589156854,99,65.75,150.85,273.08,7.63
353,Garoowe,30,SO,1589156854,69,8.41,48.48,299.76,3.67
354,Akşehir,53,TR,1589156854,53,38.36,31.42,284.58,0.82
355,Nouadhibou,91,MR,1589156611,78,20.93,-17.03,292.74,10.41
356,Adré,0,TD,1589156855,19,13.47,22.2,295.81,3.46
357,Helong,13,CN,1589156855,48,42.54,129.0,285.48,8.96
358,Hailar,100,CN,1589156855,86,49.2,119.7,278.76,8.78
359,Vila Franca do Campo,20,PT,1589156855,67,37.72,-25.43,288.15,4.1
360,Karaidel',98,RU,1589156855,79,55.83,56.91,284.31,1.49
361,Khovd,0,MN,1589156855,37,48.01,91.64,283.94,0.3
362,Kālāvad,7,IN,1589156855,96,22.22,70.38,297.33,2.73
363,Oktyabr'skoye,75,RU,1589156855,70,43.06,44.74,278.67,2.07
364,Chapais,90,CA,1589156856,86,49.78,-74.85,271.15,6.7
365,Luanda,40,AO,1589156789,88,-8.84,13.23,300.15,1.0
366,Buenaventura,100,CO,1589156856,92,3.88,-77.03,298.59,1.29
367,Begang,75,PH,1589156856,74,6.69,122.02,303.15,1.0
368,Te Anau,100,NZ,1589156856,86,-45.42,167.72,283.31,0.7
369,Ufimskiy,99,RU,1589156856,81,56.71,58.05,283.84,0.53
370,Nanortalik,29,GL,1589156856,80,60.14,-45.24,279.25,8.99
371,Evans,1,US,1589156856,35,33.53,-82.13,296.15,2.6
372,Shujālpur,75,IN,1589156857,73,23.4,76.72,296.15,6.7
373,Bharatpur,66,IN,1589156857,33,27.22,77.48,303.78,0.38
374,Barranca,29,PE,1589156569,87,-10.75,-77.77,291.96,3.13
375,San Vicente,9,AR,1589156857,70,-26.62,-54.13,292.46,2.66
376,Gizo Government Station,96,SB,1589156857,75,-8.1,156.84,302.12,5.72
377,Batemans Bay,0,AU,1589156857,47,-35.72,150.18,291.48,0.98
378,Igunga,70,TZ,1589156841,85,-4.28,33.88,291.65,2.09
379,Karatau,1,KZ,1589156857,64,43.17,70.47,286.01,0.52
380,Kamina,1,CD,1589156858,79,-8.74,24.99,290.53,2.5
381,Eucaliptus,56,BO,1589156858,51,-17.58,-67.52,284.39,1.69
382,Oktyabr'skiy,100,RU,1589156858,72,54.48,53.47,284.8,2.18
383,Redmond,94,US,1589156734,26,47.67,-122.12,302.59,0.45
384,Muros,7,ES,1589156858,92,42.78,-9.06,284.82,3.53
385,Flin Flon,20,CA,1589156858,25,54.77,-101.86,276.15,3.6
386,Leh,38,IN,1589156858,67,34.17,77.58,276.46,1.35
387,Hambantota,100,LK,1589156859,77,6.12,81.12,301.22,0.83
388,Kokstad,0,ZA,1589156859,45,-30.55,29.42,284.33,1.82
389,Wanparti,62,IN,1589156859,41,16.37,78.07,300.79,1.51
390,Copiapó,0,CL,1589156859,82,-27.37,-70.33,287.15,2.1
391,Bishop Auckland,34,GB,1589156859,85,54.66,-1.68,277.59,0.89
392,Torbay,75,CA,1589156859,80,47.67,-52.73,276.48,11.8
393,Naghadeh,23,IR,1589156859,68,36.96,45.39,281.46,2.26
394,Farafenni,4,GM,1589156859,70,13.57,-15.6,296.14,4.23
395,Camacha,20,PT,1589156860,77,33.08,-16.33,292.15,9.8
396,Pereira Barreto,0,BR,1589156860,69,-20.64,-51.11,292.63,3.07
397,Salinópolis,6,BR,1589156860,84,-0.61,-47.36,299.92,4.74
398,Iskateley,63,RU,1589156860,99,67.68,53.15,271.32,2.39
399,Tommot,100,RU,1589156860,65,58.96,126.29,277.94,3.39
400,Asadābād,0,IR,1589156860,60,34.78,48.12,282.42,1.75
401,Alugan,100,PH,1589156860,78,12.22,125.48,301.97,3.68
402,Swan Hill,0,AU,1589156860,64,-35.34,143.55,285.88,1.96
403,Kidal,0,ML,1589156860,14,18.44,1.41,300.24,0.09
404,Batagay-Alyta,87,RU,1589156861,94,67.8,130.41,270.62,3.51
405,Alyangula,52,AU,1589156861,54,-13.85,136.42,301.15,4.1
406,Damāvand,20,IR,1589156861,21,35.72,52.06,294.15,4.1
407,Bereket,43,TM,1589156861,70,39.24,55.52,292.63,9.94
408,Sabang,100,ID,1589156861,80,5.89,95.32,300.72,3.74
409,Kaeo,84,NZ,1589156861,23,-35.1,173.78,292.04,3.13
410,Viedma,6,AR,1589156861,40,-40.81,-63.0,288.03,6.03
411,Hīt,0,IQ,1589156861,31,33.64,42.83,295.14,0.85
412,Coahuayana Viejo,20,MX,1589156861,54,18.73,-103.68,301.15,7.7
413,‘Āhuimanu,1,US,1589156862,48,21.44,-157.84,304.15,6.2
414,Maragogi,99,BR,1589156843,84,-9.01,-35.22,298.37,2.69
415,Grand Gaube,66,MU,1589156862,68,-20.01,57.66,292.59,0.89
416,Otaru,75,JP,1589156862,82,43.19,141.0,289.26,3.1
417,Pala,49,TD,1589156862,44,9.36,14.9,303.49,2.92
418,Margate,84,GB,1589156862,64,51.38,1.39,281.48,4.02
419,Rusape,76,ZW,1589156862,97,-18.53,32.13,281.95,1.56
420,Belyy Yar,0,RU,1589156862,70,53.6,91.39,282.15,1.0
421,Saint-Pierre,75,RE,1589156863,77,-21.34,55.48,294.15,3.6
422,Berezovyy,100,RU,1589156863,71,51.67,135.7,282.59,2.77
423,Khandyga,98,RU,1589156863,84,62.67,135.6,276.36,0.32
424,Mayumba,100,GA,1589156863,85,-3.43,10.66,298.12,0.58
425,Morro Bay,81,US,1589156668,78,35.37,-120.85,294.26,5.36
426,Bontang,67,ID,1589156863,82,0.13,117.5,299.99,1.9
427,The Valley,40,AI,1589156863,74,18.22,-63.06,300.15,6.7
428,Abonnema,44,NG,1589156864,89,4.71,6.79,297.48,0.21
429,Marsá Maţrūḩ,0,EG,1589156864,77,31.35,27.25,289.15,2.42
430,Sittwe,0,MM,1589156864,73,20.15,92.9,300.56,1.9
431,Catuday,44,PH,1589156864,76,16.29,119.81,301.86,3.72
432,Rassvet,84,RU,1589156864,91,46.83,40.75,283.19,6.45
433,Pundaguitan,79,PH,1589156864,74,6.37,126.17,301.98,1.55
434,Bend,1,US,1589156829,21,44.06,-121.32,299.15,6.2
435,Waingapu,13,ID,1589156865,74,-9.66,120.26,300.27,6.13
436,Husavik,8,IS,1589156865,45,66.04,-17.34,279.15,13.9
437,Dzerzhinsk,27,RU,1589156865,93,56.24,43.46,281.15,1.0
438,Gouré,18,NE,1589156865,14,13.98,10.27,301.18,2.68
439,Mount Gambier,75,AU,1589156865,87,-37.83,140.77,284.15,4.1
440,Zlobin,99,HR,1589156865,84,45.29,14.65,285.93,0.89
441,Loviisa,91,FI,1589156865,76,60.46,26.23,282.59,4.44
442,Mporokoso,85,ZM,1589156865,87,-9.37,30.12,287.75,3.36
443,Calhoun,90,US,1589156865,87,42.25,-85.0,279.15,1.5
444,Nueva Guinea,96,NI,1589156866,80,11.69,-84.46,299.82,3.81
445,Tezu,16,IN,1589156866,43,27.92,96.17,298.04,1.65
446,Boende,89,CD,1589156866,95,-0.22,20.87,295.48,0.96
447,Cairns,28,AU,1589156866,61,-16.92,145.77,300.15,5.1
448,Goderich,100,CA,1589156866,90,43.75,-81.72,280.37,0.89
449,Farīdpur,75,BD,1589156866,83,23.6,89.83,299.15,2.31
450,Pestretsy,79,RU,1589156866,81,55.75,49.65,282.15,3.0
451,Wuchang,80,CN,1589156866,50,44.91,127.15,286.92,5.95
452,Lata,95,PT,1589156866,85,40.16,-8.33,288.71,2.59
453,Haradok,47,BY,1589156867,81,55.46,29.98,280.64,2.08
454,Gulu,100,UG,1589156867,99,2.77,32.3,291.43,1.92
455,Saryozek,62,KZ,1589156867,72,44.36,77.98,285.97,1.01
456,Texarkana,20,US,1589156701,43,33.43,-94.05,296.15,2.1
457,Broome,90,US,1589156867,40,42.25,-75.83,284.82,1.55
458,El Ejido,52,ES,1589156867,77,36.78,-2.81,290.15,5.7
459,Biankouma,81,CI,1589156867,95,7.74,-7.61,294.89,1.07
460,Stornoway,73,GB,1589156868,74,58.21,-6.39,276.48,3.1
461,Jaranwala,18,PK,1589156868,35,31.33,73.43,301.63,2.81
462,Alappuzha,100,IN,1589156868,80,9.49,76.33,301.96,2.79
463,Petropavlovsk-Kamchatskiy,0,RU,1589156674,39,53.05,158.65,281.15,7.0
464,Morros,79,BR,1589156868,80,-9.45,-46.3,296.13,2.17
465,Ratanpur,68,IN,1589156868,41,22.3,82.17,299.78,1.12
466,Zapolyarnyy,100,RU,1589156868,96,69.42,30.81,273.15,8.7
467,Rocha,0,UY,1589156868,79,-34.48,-54.33,289.92,4.18
468,Namikupa,14,TZ,1589156868,97,-10.83,39.6,293.24,1.59
469,Soyo,96,AO,1589156868,85,-6.13,12.37,298.96,2.58
470,Arrondissement du Havre,90,FR,1589156869,81,49.58,0.33,282.15,13.4
471,Departamento de Maldonado,1,UY,1589156606,77,-34.67,-54.92,292.59,3.65
472,Bairiki Village,20,KI,1589156869,74,1.33,172.98,303.15,4.6
473,Adelaide,75,AU,1589156742,67,-34.93,138.6,288.15,4.6
474,Kontagora,100,NG,1589156869,73,10.4,5.47,298.49,2.47
475,Mukhen,61,RU,1589156869,80,48.1,136.1,284.79,2.26
476,Tazovsky,100,RU,1589156869,99,67.47,78.7,273.2,6.24
477,Lewiston,76,US,1589156869,42,44.1,-70.21,282.15,2.23
478,Trincomalee,100,LK,1589156870,80,8.57,81.23,300.95,0.95
479,Alpena,20,US,1589156870,45,45.06,-83.43,280.15,4.1
480,General Roca,2,AR,1589156870,39,-39.03,-67.58,287.15,7.2
481,Richards Bay,0,ZA,1589156870,86,-28.78,32.04,290.69,3.81
482,Moose Factory,90,CA,1589156870,73,51.26,-80.61,268.15,5.1
483,Itoman,75,JP,1589156870,94,26.12,127.67,297.15,4.6
484,Opuwo,70,NA,1589156871,41,-18.06,13.84,294.28,2.87
485,Natal,20,BR,1589156871,94,-5.79,-35.21,298.15,1.5
486,Waikuku,33,NZ,1589156871,63,-43.3,172.68,289.82,5.1
487,Ginda,15,IN,1589156871,42,30.69,78.49,285.03,3.63
488,Carballo,9,ES,1589156636,87,43.21,-8.69,283.71,1.36
489,Kamaishi,40,JP,1589156871,59,39.27,141.88,292.15,6.2
490,Kodinsk,91,RU,1589156871,48,58.69,99.18,282.88,1.11
491,Los Lotes,97,PA,1589156871,74,9.13,-79.3,303.15,2.1
492,Shebalino,64,RU,1589156872,43,51.29,85.68,287.7,1.91
493,Zasosna,93,RU,1589156872,88,50.63,38.4,282.72,6.08
494,Port Macquarie,4,AU,1589156577,53,-31.43,152.92,290.37,1.34
495,Civita Castellana,72,IT,1589156872,67,42.3,12.41,289.82,0.89
496,Birjand,88,IR,1589156872,41,32.87,59.22,287.15,3.1
497,Kiomboi,52,TZ,1589156872,96,-4.27,34.37,288.5,2.19
498,Karratha,75,AU,1589156872,25,-20.74,116.85,298.93,9.34
499,Pangnirtung,99,CA,1589156872,88,66.15,-65.71,267.5,4.64
500,Lianran,0,CN,1589156872,45,24.92,102.48,291.15,3.0
501,High Rock,90,BS,1589156873,88,26.62,-78.28,295.15,2.1
502,Shipley,52,GB,1589156613,83,53.83,-1.77,275.93,2.24
503,Monrovia,75,LR,1589156873,94,6.3,-10.8,298.15,5.02
504,Marsh Harbour,100,BS,1589156873,88,26.54,-77.06,294.22,8.31
505,Hofn,77,IS,1589156873,61,64.25,-15.21,278.47,3.54
506,St. George's,20,GD,1589156873,78,12.06,-61.75,300.15,5.1
507,Pasni,15,PK,1589156873,74,25.26,63.47,300.69,4.1
508,Louth,22,GB,1589156873,70,53.37,0.0,280.15,13.4
509,Siavonga,46,ZM,1589156873,68,-16.54,28.71,292.09,1.81
510,Bubaque,37,GW,1589156874,74,11.28,-15.83,298.75,4.95
511,Meulaboh,97,ID,1589156874,88,4.14,96.13,298.64,1.95
512,Tungor,100,RU,1589156874,62,53.38,142.96,284.21,4.59
513,Severnyy,60,RU,1589156874,87,50.68,36.55,282.15,4.0
514,Flinders,0,AU,1589156874,51,-34.58,150.86,289.26,1.79
515,Banda Aceh,100,ID,1589156874,83,5.56,95.32,299.57,3.2
516,Lavrentiya,98,RU,1589156874,90,65.58,-171.0,275.76,2.58
517,Şile,77,TR,1589156874,58,41.18,29.61,287.04,0.45
518,Gilbués,37,BR,1589156875,82,-9.83,-45.34,295.35,1.78
519,Beloha,0,MG,1589156875,82,-25.17,45.05,290.98,5.29
520,Khangarh,13,PK,1589156875,65,29.92,71.16,301.15,1.27
521,Praia,20,CV,1589156875,78,14.92,-23.51,295.15,7.7
522,Progreso,40,MX,1589156875,65,21.28,-89.67,301.15,5.1
523,Bakchar,0,RU,1589156875,63,57.02,82.07,289.76,1.2
524,Avilés,75,ES,1589156875,93,43.55,-5.92,285.37,2.1
525,Okhotsk,86,RU,1589156875,62,59.38,143.3,279.57,4.03
526,Madang,53,PG,1589156876,80,-5.22,145.8,302.47,1.94
527,Lander,1,US,1589156876,29,42.83,-108.73,289.15,4.1
528,Alberton,89,CA,1589156876,35,46.82,-64.07,277.59,9.12
529,Arrondissement de Saint-Claude,100,FR,1589156876,98,46.5,5.83,289.26,0.45
530,Havøysund,14,NO,1589156876,74,71.0,24.66,271.15,1.5
531,Oodweyne,3,SO,1589156876,54,9.41,45.06,296.98,1.44
532,Constitución,4,CL,1589156877,80,-35.33,-72.42,285.62,3.89
533,Skjervøy,98,NO,1589156877,82,70.03,20.97,274.73,4.58
534,Shangzhi,76,CN,1589156877,63,45.22,127.97,284.87,5.68
535,Pital,78,CO,1589156877,82,2.27,-75.8,294.64,2.46
536,Douentza,51,ML,1589156877,35,15.0,-2.95,304.1,2.82
537,Española,1,US,1589156877,18,35.99,-106.08,296.48,3.6
